{
    "Kharagpur": [
      25.1331731,
      86.5250404
    ],
    "Bidar": [
      17.920000, 77.519722
    ],
    "Thane": [
      19.1943294,
      72.9701779
    ],
    "Rampur": [
      28.7940682,
      79.1859304
    ],
    "Sasaram": [
      24.9001003,
      84.0182111
    ],
    "Shivpuri": [
      25.5,
      78.0
    ],
    "Machilipatnam": [
      16.1819393,
      81.1351299
    ],
    "Avadi": [
      13.1254758,
      80.09409
    ],
    "Morena": [
      26.166667,
      77.5
    ],
    "Secunderabad": [
      17.4337246,
      78.5006827
    ],
    "Ballia": [
      25.8779325,
      84.1199593
    ],
    "Bellary": [
      15.1433952,
      76.9193876
    ],
    "Dibrugarh": [
      27.4844597,
      94.9019447
    ],
    "Kolhapur": [
      16.7028412,
      74.2405329
    ],
    "Ichalkaranji": [
      16.6959348,
      74.4555755
    ],
    "Bareilly": [
      28.457876,
      79.4055709
    ],
    "Tadipatri": [
      14.9069559,
      78.0097071
    ],
    "Chandrapur": [
      26.2123182,
      91.8962068
    ],
    "Katihar": [
      25.5609003,
      87.6476535
    ],
    "Madanapalle": [
      13.5732597,
      78.4791464
    ],
    "Siliguri": [
      26.7164127,
      88.4309916
    ],
    "Tirupati": [
      13.6316368,
      79.4231711
    ],
    "Navi Mumbai": [
      19.0308262,
      73.0198537
    ],
    "Srinagar": [
      34.0747444,
      74.8204443
    ],
    "Bathinda": [
      30.1791154,
      75.0471016
    ],
    "Chittoor": [
      13.1601048,
      79.1555506
    ],
    "Karaikudi": [
      10.0680908,
      78.7657007
    ],
    "Salem": [
      11.664325, 
      78.146011
    ],
    "Raichur": [
      16.083333,
      77.166667
    ],
    "Raebareli": [
      26.252528,
      81.1750211
    ],
    "Satna": [
      24.5,
      81.0
    ],
    "Phagwara": [
      31.2206734,
      75.7696463
    ],
    "Kurnool": [
      15.8309251,
      78.0425373
    ],
    "Suryapet": [
      17.0800139,
      79.792533
    ],
    "Mango": [
      22.834177, 86.219185
    ],
    "Saharsa": [
      25.8326416,
      86.6148928
    ],
    "Bhilwara": [
      25.4887735,
      74.6996128
    ],
    "Ghaziabad": [
      28.711241,
      77.4445372
    ],
    "Motihari": [
      26.669512,
      84.9574106
    ],
    "Kanpur": [
      26.4609135,
      80.3217588
    ],
    "Tiruchirappalli": [
      10.804973,
      78.6870296
    ],
    "Silchar": [
      24.8178611,
      92.7562208
    ],
    "Mumbai": [
      19.0759899,
      72.8773928
    ],
    "Pudukkottai": [
      10.5,
      78.833333
    ],
    "Kumbakonam": [
      10.9645549,
      79.3717304
    ],
    "Thoothukudi": [
      8.8052602,
      78.1452745
    ],
    "Latur": [
      18.3514685,
      76.7551212
    ],
    "Anantapur": [
      14.6546235,
      77.5562598
    ],
    "Rajkot": [
      22.3051991,
      70.8028335
    ],
    "Jhansi": [
      25.5310311,
      78.652689
    ],
    "Tezpur": [
      26.616957,
      92.7650072
    ],
    "Korba": [
      22.5197695,
      82.6295146
    ],
    "Mathura": [
      27.633333,
      77.583333
    ],
    "Ajmer": [
      26.4691,
      74.639
    ],
    "Tinsukia": [
      27.5201658,
      95.5306347
    ],
    "Sultan Pur Majra": [
      28.493814, 
      77.160629
    ],
    "Mysore": [
      12.3051828,
      76.6553609
    ],
    "Jodhpur": [
      26.2967719,
      73.0351433
    ],
    "Imphal": [
      24.7991162,
      93.9364419
    ],
    "Danapur": [
      25.6358901,
      85.0474045
    ],
    "Unnao": [
      26.5755037,
      80.6137618
    ],
    "Moradabad": [
      28.8638424,
      78.8057783
    ],
    "Barasat": [
      22.7176238,
      88.4889529
    ],
    "Jalna": [
      19.9182328,
      75.8686247
    ],
    "Amravati": [
      21.1545412,
      77.6442962
    ],
    "Panvel": [
      18.9655888,
      73.1028813
    ],
    "Dharmavaram": [
      14.4223472,
      77.7200689
    ],
    "Tumkur": [
      13.3400771,
      77.1006208
    ],
    "Raiganj": [
      25.6806539,
      88.1246458
    ],
    "Kavali": [
      14.9109893,
      80.0153434
    ],
    "Ratlam": [
      23.4805919,
      74.9177897
    ],
    "Ramgarh": [
      23.5987759,
      85.5369156
    ],
    "New Delhi": [
      28.6138954,
      77.2090057
    ],
    "Ramagundam": [
      18.7615156,
      79.4787848
    ],
    "Udaipur": [
      24.578721,
      73.6862571
    ],
    "Maheshtala": [
      22.508621,
      88.2532182
    ],
    "Gaya": [
      24.7964355,
      85.0079563
    ],
    "Patna": [
      25.6093239,
      85.1235252
    ],
    "Fatehpur": [
      25.8435395,
      80.918004
    ],
    "Coimbatore": [
      11.0018115,
      76.9628425
    ],
    "Hubli\u2013Dharwad": [
      15.3518378,
      75.1379848
    ],
    "Bikaner": [
      28.0159286,
      73.3171367
    ],
    "Jalgaon": [
      20.8435118,
      75.5259266
    ],
    "Agra": [
      27.1752554,
      78.0098161
    ],
    "Katni": [
      23.8339621,
      80.392456
    ],
    "Loni": [
      28.758314, 77.300537
    ],
    "Bally": [
      22.6469581,
      88.343612
    ],
    "Nagaon": [
      26.3041492,
      92.7160597
    ],
    "Noida": [
      28.5707841,
      77.3271074
    ],
    "Thrissur": [
      10.5256264,
      76.2132542
    ],
    "Giridih": [
      24.1608897,
      86.251135
    ],
    "Gurgaon": [
      28.4282624,
      77.0027001
    ],
    "Adoni": [
      15.62509, 77.27536
    ],
    "Panipat": [
      29.3912753,
      76.9771675
    ],
    "Hospet": [
      15.266493,
      76.3872297
    ],
    "Raurkela Industrial Township": [
      22.268684, 84.901024
    ],
    "Gwalior": [
      26.2037247,
      78.1573628
    ],
    "Bhiwandi": [
      19.3625308,
      73.0784747
    ],
    "Morbi": [
      22.8176662,
      70.8345928
    ],
    "Thanjavur": [
      10.7860267,
      79.1381497
    ],
    "Pune": [
      18.521428,
      73.8544541
    ],
    "Gopalpur": [
      25.3094637,
      87.2078731
    ],
    "Muzaffarnagar": [
      29.4480063,
      77.740685
    ],
    "Serampore": [
      22.7549951,
      88.3416672
    ],
    "Tirunelveli": [
      8.72953,
      77.6852
    ],
    "Purnia": [
      26.0,
      87.5
    ],
    "Ulhasnagar": [
      19.1971446,
      73.1898684
    ],
    "Ranchi": [
      23.3700354,
      85.3250132
    ],
    "Chapra": [
      25.7733443,
      84.7849772
    ],
    "Deoghar": [
      24.4766423,
      86.6067325
    ],
    "Indore": [
      22.7203616,
      75.8681996
    ],
    "Medininagar": [
      24.0383082,
      84.0723287
    ],
    "Jamshedpur": [
      22.8015194,
      86.2029579
    ],
    "Uluberia": [
      22.4722227,
      88.0938448
    ],
    "Vadodara": [
      22.2973142,
      73.1942567
    ],
    "Lucknow": [
      26.8381,
      80.9346001
    ],
    "Jammu": [
      32.7185614,
      74.8580917
    ],
    "Nangloi Jat": [
      28.6786,
      77.06749
    ],
    "Bhagalpur": [
      25.286698,
      87.1322536
    ],
    "Khandwa": [
      21.9778642,
      76.5688282
    ],
    "Udupi": [
      13.3419169,
      74.7473232
    ],
    "Madurai": [
      9.9261153,
      78.1140983
    ],
    "Etawah": [
      26.7183244,
      79.0902538
    ],
    "Junagadh": [
      21.5174104,
      70.4642754
    ],
    "Bokaro": [
      23.6991279,
      85.9910689
    ],
    "Ambala": [
      30.3843674,
      76.770421
    ],
    "Bhind": [
      26.5,
      78.75
    ],
    "Kollam": [
      8.8879509,
      76.5955013
    ],
    "Nandyal": [
      15.4753773,
      78.4785576
    ],
    "Jehanabad": [
      25.1524713,
      85.0068785
    ],
    "Gulbarga": [
      17.166667,
      77.083333
    ],
    "Howrah": [
      22.5736296,
      88.3251045
    ],
    "Kozhikode": [
      11.2586082,
      75.7788735
    ],
    "Nanded": [
      19.1725722,
      77.2914124
    ],
    "Tiruvottiyur": [
      13.1563873,
      80.3005279
    ],
    "Bettiah": [
      26.7910727,
      84.5601068
    ],